{
    "campaign_analyzing": 125.83873079204932,
    "cosine_similarity": 70.86946224980056,
    "graph_alignment": 508.12934837513603,
    "decoding": 59.095802708063275
}